rank,title,hot_value,link,crawl_time
1,优衣库店长下达偷拍顾客指标,1080037,https://s.weibo.com/weibo?q=%23%E4%BC%98%E8%A1%A3%E5%BA%93%E5%BA%97%E9%95%BF%E4%B8%8B%E8%BE%BE%E5%81%B7%E6%8B%8D%E9%A1%BE%E5%AE%A2%E6%8C%87%E6%A0%87%23&t=31,2025-12-22 17:02:40
2,梁王组合丢下奖金头也不回走了,388194,https://s.weibo.com/weibo?q=%E6%A2%81%E7%8E%8B%E7%BB%84%E5%90%88%E4%B8%A2%E4%B8%8B%E5%A5%96%E9%87%91%E5%A4%B4%E4%B9%9F%E4%B8%8D%E5%9B%9E%E8%B5%B0%E4%BA%86&t=31,2025-12-22 17:02:40
3,北京范儿,327910,https://s.weibo.com/weibo?q=%23%E5%8C%97%E4%BA%AC%E8%8C%83%E5%84%BF%23&t=31,2025-12-22 17:02:40
4,中方对日本高官言论感到震惊,310090,https://s.weibo.com/weibo?q=%23%E4%B8%AD%E6%96%B9%E5%AF%B9%E6%97%A5%E6%9C%AC%E9%AB%98%E5%AE%98%E8%A8%80%E8%AE%BA%E6%84%9F%E5%88%B0%E9%9C%87%E6%83%8A%23&t=31,2025-12-22 17:02:40
5,抗癌药平替有效成分为0,296501,https://s.weibo.com/weibo?q=%23%E6%8A%97%E7%99%8C%E8%8D%AF%E5%B9%B3%E6%9B%BF%E6%9C%89%E6%95%88%E6%88%90%E5%88%86%E4%B8%BA0%23&t=31,2025-12-22 17:02:40
6,有这3个睡眠习惯的人更易患癌,269214,https://s.weibo.com/weibo?q=%23%E6%9C%89%E8%BF%993%E4%B8%AA%E7%9D%A1%E7%9C%A0%E4%B9%A0%E6%83%AF%E7%9A%84%E4%BA%BA%E6%9B%B4%E6%98%93%E6%82%A3%E7%99%8C%23&t=31,2025-12-22 17:02:40
7,美国斩杀线,227693,https://s.weibo.com/weibo?q=%23%E7%BE%8E%E5%9B%BD%E6%96%A9%E6%9D%80%E7%BA%BF%23&t=31,2025-12-22 17:02:40
8,烤鸡少年承认用肉宝王调味,197893,https://s.weibo.com/weibo?q=%23%E7%83%A4%E9%B8%A1%E5%B0%91%E5%B9%B4%E6%89%BF%E8%AE%A4%E7%94%A8%E8%82%89%E5%AE%9D%E7%8E%8B%E8%B0%83%E5%91%B3%23&t=31,2025-12-22 17:02:40
9,nova15价格,165510,https://s.weibo.com/weibo?q=%23nova15%E4%BB%B7%E6%A0%BC%23&t=31,2025-12-22 17:02:40
10,男子35岁当老总53岁升本科55岁考研,161392,https://s.weibo.com/weibo?q=%23%E7%94%B7%E5%AD%9035%E5%B2%81%E5%BD%93%E8%80%81%E6%80%BB53%E5%B2%81%E5%8D%87%E6%9C%AC%E7%A7%9155%E5%B2%81%E8%80%83%E7%A0%94%23&t=31,2025-12-22 17:02:40
11,福原爱向再婚丈夫家人致歉,158852,https://s.weibo.com/weibo?q=%23%E7%A6%8F%E5%8E%9F%E7%88%B1%E5%90%91%E5%86%8D%E5%A9%9A%E4%B8%88%E5%A4%AB%E5%AE%B6%E4%BA%BA%E8%87%B4%E6%AD%89%23&t=31,2025-12-22 17:02:40
12,向太曝刘德华买理发店让老同事做店长,158301,https://s.weibo.com/weibo?q=%23%E5%90%91%E5%A4%AA%E6%9B%9D%E5%88%98%E5%BE%B7%E5%8D%8E%E4%B9%B0%E7%90%86%E5%8F%91%E5%BA%97%E8%AE%A9%E8%80%81%E5%90%8C%E4%BA%8B%E5%81%9A%E5%BA%97%E9%95%BF%23&t=31,2025-12-22 17:02:40
13,长安二十四计云合,155463,https://s.weibo.com/weibo?q=%E9%95%BF%E5%AE%89%E4%BA%8C%E5%8D%81%E5%9B%9B%E8%AE%A1%E4%BA%91%E5%90%88&t=31,2025-12-22 17:02:40
14,一哥爆料杜克,155246,https://s.weibo.com/weibo?q=%23%E4%B8%80%E5%93%A5%E7%88%86%E6%96%99%E6%9D%9C%E5%85%8B%23&t=31,2025-12-22 17:02:40
15,贝克汉姆大儿子拉黑全家,155033,https://s.weibo.com/weibo?q=%E8%B4%9D%E5%85%8B%E6%B1%89%E5%A7%86%E5%A4%A7%E5%84%BF%E5%AD%90%E6%8B%89%E9%BB%91%E5%85%A8%E5%AE%B6&t=31,2025-12-22 17:02:40
16,微博之夜年度推荐,154642,https://s.weibo.com/weibo?q=%E5%BE%AE%E5%8D%9A%E4%B9%8B%E5%A4%9C%E5%B9%B4%E5%BA%A6%E6%8E%A8%E8%8D%90&t=31,2025-12-22 17:02:40
17,王影璐位置,154501,https://s.weibo.com/weibo?q=%E7%8E%8B%E5%BD%B1%E7%92%90%E4%BD%8D%E7%BD%AE&t=31,2025-12-22 17:02:40
18,22天圣诞假,154262,https://s.weibo.com/weibo?q=22%E5%A4%A9%E5%9C%A3%E8%AF%9E%E5%81%87&t=31,2025-12-22 17:02:40
19,易烊千玺绿色叠加西装,153975,https://s.weibo.com/weibo?q=%23%E6%98%93%E7%83%8A%E5%8D%83%E7%8E%BA%E7%BB%BF%E8%89%B2%E5%8F%A0%E5%8A%A0%E8%A5%BF%E8%A3%85%23&t=31,2025-12-22 17:02:40
20,33自称年度撸猫鸽王,152335,https://s.weibo.com/weibo?q=33%E8%87%AA%E7%A7%B0%E5%B9%B4%E5%BA%A6%E6%92%B8%E7%8C%AB%E9%B8%BD%E7%8E%8B&t=31,2025-12-22 17:02:40
21,孟子义摔出了神图,151876,https://s.weibo.com/weibo?q=%23%E5%AD%9F%E5%AD%90%E4%B9%89%E6%91%94%E5%87%BA%E4%BA%86%E7%A5%9E%E5%9B%BE%23&t=31,2025-12-22 17:02:40
22,4岁女童因奶奶用嘴喂饭感染梅毒,151333,https://s.weibo.com/weibo?q=%234%E5%B2%81%E5%A5%B3%E7%AB%A5%E5%9B%A0%E5%A5%B6%E5%A5%B6%E7%94%A8%E5%98%B4%E5%96%82%E9%A5%AD%E6%84%9F%E6%9F%93%E6%A2%85%E6%AF%92%23&t=31,2025-12-22 17:02:40
23,俞灏明王晓晨牵手出行,150822,https://s.weibo.com/weibo?q=%23%E4%BF%9E%E7%81%8F%E6%98%8E%E7%8E%8B%E6%99%93%E6%99%A8%E7%89%B5%E6%89%8B%E5%87%BA%E8%A1%8C%23&t=31,2025-12-22 17:02:40
24,W中文版光影初心演员大片,150153,https://s.weibo.com/weibo?q=%23W%E4%B8%AD%E6%96%87%E7%89%88%E5%85%89%E5%BD%B1%E5%88%9D%E5%BF%83%E6%BC%94%E5%91%98%E5%A4%A7%E7%89%87%23&t=31,2025-12-22 17:02:40
25,星光大赏乐事太会整活了,147045,https://s.weibo.com/weibo?q=%23%E6%98%9F%E5%85%89%E5%A4%A7%E8%B5%8F%E4%B9%90%E4%BA%8B%E5%A4%AA%E4%BC%9A%E6%95%B4%E6%B4%BB%E4%BA%86%23&t=31,2025-12-22 17:02:40
26,李昀锐笑着哄孟子义,146894,https://s.weibo.com/weibo?q=%23%E6%9D%8E%E6%98%80%E9%94%90%E7%AC%91%E7%9D%80%E5%93%84%E5%AD%9F%E5%AD%90%E4%B9%89%23&t=31,2025-12-22 17:02:40
27,丁禹兮一晚上干了多少事,146226,https://s.weibo.com/weibo?q=%E4%B8%81%E7%A6%B9%E5%85%AE%E4%B8%80%E6%99%9A%E4%B8%8A%E5%B9%B2%E4%BA%86%E5%A4%9A%E5%B0%91%E4%BA%8B&t=31,2025-12-22 17:02:40
28,普通女生化妆2小时的变化,138300,https://s.weibo.com/weibo?q=%E6%99%AE%E9%80%9A%E5%A5%B3%E7%94%9F%E5%8C%96%E5%A6%862%E5%B0%8F%E6%97%B6%E7%9A%84%E5%8F%98%E5%8C%96&t=31,2025-12-22 17:02:40
29,电影匿杀 尺度,130252,https://s.weibo.com/weibo?q=%E7%94%B5%E5%BD%B1%E5%8C%BF%E6%9D%80%20%E5%B0%BA%E5%BA%A6&t=31,2025-12-22 17:02:40
30,星光大赏别虐待老人了,130067,https://s.weibo.com/weibo?q=%E6%98%9F%E5%85%89%E5%A4%A7%E8%B5%8F%E5%88%AB%E8%99%90%E5%BE%85%E8%80%81%E4%BA%BA%E4%BA%86&t=31,2025-12-22 17:02:40
31,陈都灵发言 毕业答辩模板,129807,https://s.weibo.com/weibo?q=%E9%99%88%E9%83%BD%E7%81%B5%E5%8F%91%E8%A8%80%20%E6%AF%95%E4%B8%9A%E7%AD%94%E8%BE%A9%E6%A8%A1%E6%9D%BF&t=31,2025-12-22 17:02:40
32,中国人造太阳燃料取自海水,127549,https://s.weibo.com/weibo?q=%23%E4%B8%AD%E5%9B%BD%E4%BA%BA%E9%80%A0%E5%A4%AA%E9%98%B3%E7%87%83%E6%96%99%E5%8F%96%E8%87%AA%E6%B5%B7%E6%B0%B4%23&t=31,2025-12-22 17:02:40
33,回家最快吃上饭的方式找到了,127521,https://s.weibo.com/weibo?q=%E5%9B%9E%E5%AE%B6%E6%9C%80%E5%BF%AB%E5%90%83%E4%B8%8A%E9%A5%AD%E7%9A%84%E6%96%B9%E5%BC%8F%E6%89%BE%E5%88%B0%E4%BA%86&t=31,2025-12-22 17:02:40
34,黄金,126267,https://s.weibo.com/weibo?q=%E9%BB%84%E9%87%91&t=31,2025-12-22 17:02:40
35,nova15搭载行业唯一前后双红枫,123802,https://s.weibo.com/weibo?q=%23nova15%E6%90%AD%E8%BD%BD%E8%A1%8C%E4%B8%9A%E5%94%AF%E4%B8%80%E5%89%8D%E5%90%8E%E5%8F%8C%E7%BA%A2%E6%9E%AB%23&t=31,2025-12-22 17:02:40
36,福原爱再婚对象正是出轨风波男主,123717,https://s.weibo.com/weibo?q=%23%E7%A6%8F%E5%8E%9F%E7%88%B1%E5%86%8D%E5%A9%9A%E5%AF%B9%E8%B1%A1%E6%AD%A3%E6%98%AF%E5%87%BA%E8%BD%A8%E9%A3%8E%E6%B3%A2%E7%94%B7%E4%B8%BB%23&t=31,2025-12-22 17:02:40
37,范丞丞把沈腾的阴招搬来跑男了,123685,https://s.weibo.com/weibo?q=%E8%8C%83%E4%B8%9E%E4%B8%9E%E6%8A%8A%E6%B2%88%E8%85%BE%E7%9A%84%E9%98%B4%E6%8B%9B%E6%90%AC%E6%9D%A5%E8%B7%91%E7%94%B7%E4%BA%86&t=31,2025-12-22 17:02:40
38,成龙春丽cos届不可逾越的大山,122890,https://s.weibo.com/weibo?q=%E6%88%90%E9%BE%99%E6%98%A5%E4%B8%BDcos%E5%B1%8A%E4%B8%8D%E5%8F%AF%E9%80%BE%E8%B6%8A%E7%9A%84%E5%A4%A7%E5%B1%B1&t=31,2025-12-22 17:02:40
39,秦岚走路姿势,122702,https://s.weibo.com/weibo?q=%E7%A7%A6%E5%B2%9A%E8%B5%B0%E8%B7%AF%E5%A7%BF%E5%8A%BF&t=31,2025-12-22 17:02:40
40,陈妍希工作室 轻舟已过万重山,122451,https://s.weibo.com/weibo?q=%E9%99%88%E5%A6%8D%E5%B8%8C%E5%B7%A5%E4%BD%9C%E5%AE%A4%20%E8%BD%BB%E8%88%9F%E5%B7%B2%E8%BF%87%E4%B8%87%E9%87%8D%E5%B1%B1&t=31,2025-12-22 17:02:40
41,曝左一女主被换,122241,https://s.weibo.com/weibo?q=%23%E6%9B%9D%E5%B7%A6%E4%B8%80%E5%A5%B3%E4%B8%BB%E8%A2%AB%E6%8D%A2%23&t=31,2025-12-22 17:02:40
42,丞磊 扶完你的扶你的,121855,https://s.weibo.com/weibo?q=%E4%B8%9E%E7%A3%8A%20%E6%89%B6%E5%AE%8C%E4%BD%A0%E7%9A%84%E6%89%B6%E4%BD%A0%E7%9A%84&t=31,2025-12-22 17:02:40
43,男生应邀住女友家被控强奸获刑,121535,https://s.weibo.com/weibo?q=%23%E7%94%B7%E7%94%9F%E5%BA%94%E9%82%80%E4%BD%8F%E5%A5%B3%E5%8F%8B%E5%AE%B6%E8%A2%AB%E6%8E%A7%E5%BC%BA%E5%A5%B8%E8%8E%B7%E5%88%91%23&t=31,2025-12-22 17:02:40
44,车厘子降价为啥我没感受到,121280,https://s.weibo.com/weibo?q=%23%E8%BD%A6%E5%8E%98%E5%AD%90%E9%99%8D%E4%BB%B7%E4%B8%BA%E5%95%A5%E6%88%91%E6%B2%A1%E6%84%9F%E5%8F%97%E5%88%B0%23&t=31,2025-12-22 17:02:40
45,Viper回归LPL首秀,121059,https://s.weibo.com/weibo?q=%23Viper%E5%9B%9E%E5%BD%92LPL%E9%A6%96%E7%A7%80%23&t=31,2025-12-22 17:02:40
46,车厘子价格大跳水了,120878,https://s.weibo.com/weibo?q=%23%E8%BD%A6%E5%8E%98%E5%AD%90%E4%BB%B7%E6%A0%BC%E5%A4%A7%E8%B7%B3%E6%B0%B4%E4%BA%86%23&t=31,2025-12-22 17:02:40
47,谭松韵年底忙成啥了,115735,https://s.weibo.com/weibo?q=%E8%B0%AD%E6%9D%BE%E9%9F%B5%E5%B9%B4%E5%BA%95%E5%BF%99%E6%88%90%E5%95%A5%E4%BA%86&t=31,2025-12-22 17:02:40
48,23岁硕士川西徒步因高反去世,115619,https://s.weibo.com/weibo?q=%2323%E5%B2%81%E7%A1%95%E5%A3%AB%E5%B7%9D%E8%A5%BF%E5%BE%92%E6%AD%A5%E5%9B%A0%E9%AB%98%E5%8F%8D%E5%8E%BB%E4%B8%96%23&t=31,2025-12-22 17:02:40
49,小米17Ultra真机首次曝光,107464,https://s.weibo.com/weibo?q=%23%E5%B0%8F%E7%B1%B317Ultra%E7%9C%9F%E6%9C%BA%E9%A6%96%E6%AC%A1%E6%9B%9D%E5%85%89%23&t=31,2025-12-22 17:02:40
50,陈星旭像奶了两个孩子,106778,https://s.weibo.com/weibo?q=%E9%99%88%E6%98%9F%E6%97%AD%E5%83%8F%E5%A5%B6%E4%BA%86%E4%B8%A4%E4%B8%AA%E5%AD%A9%E5%AD%90&t=31,2025-12-22 17:02:40
1000,四大全球倡议,0,https://s.weibo.com/weibo?q=%23%E5%9B%9B%E5%A4%A7%E5%85%A8%E7%90%83%E5%80%A1%E8%AE%AE%23&t=31,2025-12-22 17:02:40
1000,华为云空间越用越6,0,https://s.weibo.com/weibo?q=%23%E5%8D%8E%E4%B8%BA%E4%BA%91%E7%A9%BA%E9%97%B4%E8%B6%8A%E7%94%A8%E8%B6%8A6%23&t=31,2025-12-22 17:02:40
1000,夸克AI眼镜上新,0,https://s.weibo.com/weibo?q=%23%E5%A4%B8%E5%85%8BAI%E7%9C%BC%E9%95%9C%E4%B8%8A%E6%96%B0%23&t=31,2025-12-22 17:02:40
